{"cameraMode":{"drawMode":0,"name":"Shaded","section":"Shading Mode"},"sceneLighting":true,"audioPlay":false,"sceneViewState":{"showFog":true,"showMaterialUpdate":false,"showSkybox":false,"showFlares":true,"showImageEffects":true,"showParticleSystems":true},"in2DMode":false,"pivot":{"x":0.7730007171630859,"y":0.8210000991821289,"z":0.25500011444091799},"rotation":{"x":-0.06727827340364456,"y":-0.9198683500289917,"z":0.18141035735607148,"w":-0.3412223160266876},"size":0.744785487651825,"orthographic":false}