{"cameraMode":{"drawMode":0,"name":"Shaded","section":"Shading Mode"},"sceneLighting":true,"audioPlay":false,"sceneViewState":{"showFog":true,"showMaterialUpdate":false,"showSkybox":false,"showFlares":true,"showImageEffects":true,"showParticleSystems":true},"in2DMode":false,"pivot":{"x":17.663999557495118,"y":5.449999809265137,"z":-10.449999809265137},"rotation":{"x":-0.03717036172747612,"y":-0.45285624265670779,"z":0.018896210938692094,"w":-0.8906185626983643},"size":1.9448652267456055,"orthographic":false}