{"cameraMode":{"drawMode":0,"name":"Shaded","section":"Shading Mode"},"sceneLighting":true,"audioPlay":false,"sceneViewState":{"showFog":true,"showMaterialUpdate":false,"showSkybox":false,"showFlares":true,"showImageEffects":true,"showParticleSystems":true},"in2DMode":false,"pivot":{"x":18.437000274658204,"y":6.270999908447266,"z":-10.194999694824219},"rotation":{"x":-0.005160084459930658,"y":-0.9515084028244019,"z":-0.015977591276168824,"w":0.3072007894515991},"size":12.12435531616211,"orthographic":false}